Visitation Date,Age,Country,Number of overnight stays
2015-04-11,18-34,Western Europe,Occasional Guests
2015-04-11,18-34,Western Europe,Occasional Guests
2015-04-15,18-34,Western Europe,Occasional Guests
2015-04-22,18-34,Western Europe,Occasional Guests
2015-04-23,18-34,Western Europe,Occasional Guests
2015-05-11,18-34,Western Europe,Occasional Guests
2015-05-13,18-34,Western Europe,Occasional Guests
2015-05-13,18-34,Western Europe,Occasional Guests
2015-05-13,18-34,Western Europe,Occasional Guests
2015-05-14,18-34,Western Europe,Occasional Guests
2015-05-19,18-34,Western Europe,Occasional Guests
2015-05-22,18-34,Western Europe,Occasional Guests
2015-05-22,18-34,Western Europe,Occasional Guests
2015-05-27,18-34,Western Europe,Occasional Guests
2015-05-27,18-34,Western Europe,Occasional Guests
2015-06-01,18-34,Western Europe,Occasional Guests
2015-06-02,18-34,Western Europe,Occasional Guests
2015-06-03,18-34,Western Europe,Occasional Guests
2015-06-09,18-34,Western Europe,Occasional Guests
2015-06-09,18-34,Western Europe,Occasional Guests
2015-06-24,18-34,Western Europe,Occasional Guests
2015-06-25,18-34,Western Europe,Occasional Guests
2015-06-27,18-34,Western Europe,Occasional Guests
2015-06-29,18-34,Western Europe,Occasional Guests
2015-07-03,18-34,Western Europe,Occasional Guests
2015-07-05,18-34,Western Europe,Occasional Guests
2015-07-06,18-34,Western Europe,Occasional Guests
2015-07-09,18-34,Western Europe,Occasional Guests
2015-07-09,18-34,Western Europe,Occasional Guests
2015-07-10,18-34,Western Europe,Occasional Guests
2015-07-10,18-34,Western Europe,Occasional Guests
2015-07-10,18-34,Western Europe,Occasional Guests
2015-07-11,18-34,Western Europe,Occasional Guests
2015-07-11,18-34,Western Europe,Occasional Guests
2015-07-11,18-34,Western Europe,Occasional Guests
2015-07-12,18-34,Western Europe,Occasional Guests
2015-07-13,18-34,Western Europe,Occasional Guests
2015-07-13,18-34,Western Europe,Occasional Guests
2015-07-13,18-34,Western Europe,Occasional Guests
2015-07-14,18-34,Western Europe,Occasional Guests
2015-07-14,18-34,Western Europe,Occasional Guests
2015-07-14,18-34,Western Europe,Occasional Guests
2015-07-16,18-34,Western Europe,Occasional Guests
2015-07-16,18-34,Western Europe,Occasional Guests
2015-07-17,18-34,Western Europe,Occasional Guests
2015-07-17,18-34,Western Europe,Occasional Guests
2015-07-17,18-34,Western Europe,Occasional Guests
2015-07-18,18-34,Western Europe,Occasional Guests
2015-07-18,18-34,Western Europe,Occasional Guests
2015-07-18,18-34,Western Europe,Occasional Guests
2015-07-18,18-34,Western Europe,Occasional Guests
2015-07-18,18-34,Western Europe,Occasional Guests
2015-07-19,18-34,Western Europe,Occasional Guests
2015-07-19,18-34,Western Europe,Occasional Guests
2015-07-19,18-34,Western Europe,Occasional Guests
2015-07-20,18-34,Western Europe,Occasional Guests
2015-07-20,18-34,Western Europe,Occasional Guests
2015-07-20,18-34,Western Europe,Occasional Guests
2015-07-20,18-34,Western Europe,Occasional Guests
2015-07-20,18-34,Western Europe,Occasional Guests
2015-07-21,18-34,Western Europe,Occasional Guests
2015-07-21,18-34,Western Europe,Occasional Guests
2015-07-22,18-34,Western Europe,Occasional Guests
2015-07-23,18-34,Western Europe,Occasional Guests
2015-07-23,18-34,Western Europe,Occasional Guests
2015-07-23,18-34,Western Europe,Occasional Guests
2015-07-24,18-34,Western Europe,Occasional Guests
2015-07-25,18-34,Western Europe,Occasional Guests
2015-07-25,18-34,Western Europe,Occasional Guests
2015-07-26,18-34,Western Europe,Occasional Guests
2015-07-27,18-34,Western Europe,Occasional Guests
2015-07-27,18-34,Western Europe,Occasional Guests
2015-07-28,18-34,Western Europe,Occasional Guests
2015-07-28,18-34,Western Europe,Occasional Guests
2015-07-30,18-34,Western Europe,Occasional Guests
2015-07-30,18-34,Western Europe,Occasional Guests
2015-08-01,18-34,Western Europe,Occasional Guests
2015-08-01,18-34,Western Europe,Occasional Guests
2015-08-01,18-34,Western Europe,Occasional Guests
2015-08-01,18-34,Western Europe,Occasional Guests
2015-08-01,18-34,Western Europe,Occasional Guests
2015-08-02,18-34,Western Europe,Occasional Guests
2015-08-02,18-34,Western Europe,Occasional Guests
2015-08-02,18-34,Western Europe,Occasional Guests
2015-08-02,18-34,Western Europe,Occasional Guests
2015-08-02,18-34,Western Europe,Occasional Guests
2015-08-03,18-34,Western Europe,Occasional Guests
2015-08-03,18-34,Western Europe,Occasional Guests
2015-08-03,18-34,Western Europe,Occasional Guests
2015-08-03,18-34,Western Europe,Occasional Guests
2015-08-03,18-34,Western Europe,Occasional Guests
2015-08-04,18-34,Western Europe,Occasional Guests
2015-08-06,18-34,Western Europe,Occasional Guests
2015-08-06,18-34,Western Europe,Occasional Guests
2015-08-08,18-34,Western Europe,Occasional Guests
2015-08-09,18-34,Western Europe,Occasional Guests
2015-08-09,18-34,Western Europe,Occasional Guests
2015-08-09,18-34,Western Europe,Occasional Guests
2015-08-09,18-34,Western Europe,Occasional Guests
2015-08-11,18-34,Western Europe,Occasional Guests
2015-08-11,18-34,Western Europe,Occasional Guests
2015-08-14,18-34,Western Europe,Occasional Guests
2015-08-15,18-34,Western Europe,Occasional Guests
2015-08-15,18-34,Western Europe,Occasional Guests
2015-08-15,18-34,Western Europe,Occasional Guests
2015-08-15,18-34,Western Europe,Occasional Guests
2015-08-15,18-34,Western Europe,Occasional Guests
2015-08-16,18-34,Western Europe,Occasional Guests
2015-04-06,18-34,Western Europe,Rare Guests
2015-04-22,18-34,Western Europe,Rare Guests
2015-04-29,18-34,Western Europe,Rare Guests
2015-05-04,18-34,Western Europe,Rare Guests
2015-05-09,18-34,Western Europe,Rare Guests
2015-05-13,18-34,Western Europe,Rare Guests
2015-05-15,18-34,Western Europe,Rare Guests
2015-05-18,18-34,Western Europe,Rare Guests
2015-05-20,18-34,Western Europe,Rare Guests
2015-06-01,18-34,Western Europe,Rare Guests
2015-06-05,18-34,Western Europe,Rare Guests
2015-06-08,18-34,Western Europe,Rare Guests
2015-06-09,18-34,Western Europe,Rare Guests
2015-06-09,18-34,Western Europe,Rare Guests
2015-06-11,18-34,Western Europe,Rare Guests
2015-06-15,18-34,Western Europe,Rare Guests
2015-06-16,18-34,Western Europe,Rare Guests
2015-06-16,18-34,Western Europe,Rare Guests
2015-06-16,18-34,Western Europe,Rare Guests
2015-06-17,18-34,Western Europe,Rare Guests
2015-06-18,18-34,Western Europe,Rare Guests
2015-06-18,18-34,Western Europe,Rare Guests
2015-06-18,18-34,Western Europe,Rare Guests
2015-06-22,18-34,Western Europe,Rare Guests
2015-06-22,18-34,Western Europe,Rare Guests
2015-06-26,18-34,Western Europe,Rare Guests
2015-06-29,18-34,Western Europe,Rare Guests
2015-07-02,18-34,Western Europe,Rare Guests
2015-07-02,18-34,Western Europe,Rare Guests
2015-07-04,18-34,Western Europe,Rare Guests
2015-07-05,18-34,Western Europe,Rare Guests
2015-07-05,18-34,Western Europe,Rare Guests
2015-07-06,18-34,Western Europe,Rare Guests
2015-07-06,18-34,Western Europe,Rare Guests
2015-07-06,18-34,Western Europe,Rare Guests
2015-07-06,18-34,Western Europe,Rare Guests
2015-07-07,18-34,Western Europe,Rare Guests
2015-07-07,18-34,Western Europe,Rare Guests
2015-07-08,18-34,Western Europe,Rare Guests
2015-07-08,18-34,Western Europe,Rare Guests
2015-07-09,18-34,Western Europe,Rare Guests
2015-07-10,18-34,Western Europe,Rare Guests
2015-07-10,18-34,Western Europe,Rare Guests
2015-07-11,18-34,Western Europe,Rare Guests
2015-07-12,18-34,Western Europe,Rare Guests
2015-07-12,18-34,Western Europe,Rare Guests
2015-07-12,18-34,Western Europe,Rare Guests
2015-07-12,18-34,Western Europe,Rare Guests
2015-07-13,18-34,Western Europe,Rare Guests
2015-07-13,18-34,Western Europe,Rare Guests
2015-07-13,18-34,Western Europe,Rare Guests
2015-07-14,18-34,Western Europe,Rare Guests
2015-07-14,18-34,Western Europe,Rare Guests
2015-07-15,18-34,Western Europe,Rare Guests
2015-07-15,18-34,Western Europe,Rare Guests
2015-07-15,18-34,Western Europe,Rare Guests
2015-07-15,18-34,Western Europe,Rare Guests
2015-07-16,18-34,Western Europe,Rare Guests
2015-07-16,18-34,Western Europe,Rare Guests
2015-07-16,18-34,Western Europe,Rare Guests
2015-07-16,18-34,Western Europe,Rare Guests
2015-07-17,18-34,Western Europe,Rare Guests
2015-07-17,18-34,Western Europe,Rare Guests
2015-07-17,18-34,Western Europe,Rare Guests
2015-07-17,18-34,Western Europe,Rare Guests
2015-07-17,18-34,Western Europe,Rare Guests
2015-07-17,18-34,Western Europe,Rare Guests
2015-07-19,18-34,Western Europe,Rare Guests
2015-07-22,18-34,Western Europe,Rare Guests
2015-07-22,18-34,Western Europe,Rare Guests
2015-07-22,18-34,Western Europe,Rare Guests
2015-07-22,18-34,Western Europe,Rare Guests
2015-07-23,18-34,Western Europe,Rare Guests
2015-07-23,18-34,Western Europe,Rare Guests
2015-07-23,18-34,Western Europe,Rare Guests
2015-07-24,18-34,Western Europe,Rare Guests
2015-07-24,18-34,Western Europe,Rare Guests
2015-07-24,18-34,Western Europe,Rare Guests
2015-07-26,18-34,Western Europe,Rare Guests
2015-07-26,18-34,Western Europe,Rare Guests
2015-07-26,18-34,Western Europe,Rare Guests
2015-07-29,18-34,Western Europe,Rare Guests
2015-07-29,18-34,Western Europe,Rare Guests
2015-07-30,18-34,Western Europe,Rare Guests
2015-07-30,18-34,Western Europe,Rare Guests
2015-07-30,18-34,Western Europe,Rare Guests
2015-07-31,18-34,Western Europe,Rare Guests
2015-07-31,18-34,Western Europe,Rare Guests
2015-07-31,18-34,Western Europe,Rare Guests
2015-08-01,18-34,Western Europe,Rare Guests
2015-08-02,18-34,Western Europe,Rare Guests
2015-08-02,18-34,Western Europe,Rare Guests
2015-08-05,18-34,Western Europe,Rare Guests
2015-08-06,18-34,Western Europe,Rare Guests
2015-08-07,18-34,Western Europe,Rare Guests
2015-08-08,18-34,Western Europe,Rare Guests
2015-08-09,18-34,Western Europe,Rare Guests
2015-08-12,18-34,Western Europe,Rare Guests
2015-08-12,18-34,Western Europe,Rare Guests
2015-07-01,35-49,Western Europe,*
2015-07-01,35-49,Western Europe,*
2015-07-06,35-49,Western Europe,*
2015-07-06,35-49,Western Europe,*
2015-07-06,35-49,Western Europe,*
2015-07-07,35-49,Western Europe,*
2015-07-07,35-49,Western Europe,*
2015-07-08,35-49,Western Europe,*
2015-07-13,35-49,Western Europe,*
2015-07-14,35-49,Western Europe,*
2015-07-14,35-49,Western Europe,*
2015-07-17,35-49,Western Europe,*
2015-07-20,35-49,Western Europe,*
2015-07-21,35-49,Western Europe,*
2015-07-25,35-49,Western Europe,*
2015-07-30,35-49,Western Europe,*
2015-07-31,35-49,Western Europe,*
2015-08-04,35-49,Western Europe,*
2015-08-04,35-49,Western Europe,*
2015-08-04,35-49,Western Europe,*
2015-08-05,35-49,Western Europe,*
2015-08-10,35-49,Western Europe,*
2015-08-10,35-49,Western Europe,*
2015-08-10,35-49,Western Europe,*
2015-03-25,35-49,Western Europe,Occasional Guests
2015-03-30,35-49,Western Europe,Occasional Guests
2015-04-06,35-49,Western Europe,Occasional Guests
2015-04-13,35-49,Western Europe,Occasional Guests
2015-04-15,35-49,Western Europe,Occasional Guests
2015-04-15,35-49,Western Europe,Occasional Guests
2015-04-22,35-49,Western Europe,Occasional Guests
2015-05-01,35-49,Western Europe,Occasional Guests
2015-05-12,35-49,Western Europe,Occasional Guests
2015-05-13,35-49,Western Europe,Occasional Guests
2015-05-13,35-49,Western Europe,Occasional Guests
2015-05-14,35-49,Western Europe,Occasional Guests
2015-05-14,35-49,Western Europe,Occasional Guests
2015-05-19,35-49,Western Europe,Occasional Guests
2015-05-19,35-49,Western Europe,Occasional Guests
2015-05-19,35-49,Western Europe,Occasional Guests
2015-05-19,35-49,Western Europe,Occasional Guests
2015-05-23,35-49,Western Europe,Occasional Guests
2015-05-23,35-49,Western Europe,Occasional Guests
2015-05-25,35-49,Western Europe,Occasional Guests
2015-05-28,35-49,Western Europe,Occasional Guests
2015-06-01,35-49,Western Europe,Occasional Guests
2015-06-02,35-49,Western Europe,Occasional Guests
2015-06-03,35-49,Western Europe,Occasional Guests
2015-06-05,35-49,Western Europe,Occasional Guests
2015-06-06,35-49,Western Europe,Occasional Guests
2015-06-06,35-49,Western Europe,Occasional Guests
2015-06-08,35-49,Western Europe,Occasional Guests
2015-06-08,35-49,Western Europe,Occasional Guests
2015-06-09,35-49,Western Europe,Occasional Guests
2015-06-09,35-49,Western Europe,Occasional Guests
2015-06-11,35-49,Western Europe,Occasional Guests
2015-06-16,35-49,Western Europe,Occasional Guests
2015-06-17,35-49,Western Europe,Occasional Guests
2015-06-17,35-49,Western Europe,Occasional Guests
2015-06-17,35-49,Western Europe,Occasional Guests
2015-06-17,35-49,Western Europe,Occasional Guests
2015-06-17,35-49,Western Europe,Occasional Guests
2015-06-19,35-49,Western Europe,Occasional Guests
2015-06-19,35-49,Western Europe,Occasional Guests
2015-06-22,35-49,Western Europe,Occasional Guests
2015-06-22,35-49,Western Europe,Occasional Guests
2015-06-22,35-49,Western Europe,Occasional Guests
2015-06-22,35-49,Western Europe,Occasional Guests
2015-06-23,35-49,Western Europe,Occasional Guests
2015-06-25,35-49,Western Europe,Occasional Guests
2015-06-29,35-49,Western Europe,Occasional Guests
2015-07-01,35-49,Western Europe,Occasional Guests
2015-07-03,35-49,Western Europe,Occasional Guests
2015-07-05,35-49,Western Europe,Occasional Guests
2015-07-05,35-49,Western Europe,Occasional Guests
2015-07-06,35-49,Western Europe,Occasional Guests
2015-07-07,35-49,Western Europe,Occasional Guests
2015-07-08,35-49,Western Europe,Occasional Guests
2015-07-10,35-49,Western Europe,Occasional Guests
2015-07-10,35-49,Western Europe,Occasional Guests
2015-07-11,35-49,Western Europe,Occasional Guests
2015-07-11,35-49,Western Europe,Occasional Guests
2015-07-11,35-49,Western Europe,Occasional Guests
2015-07-11,35-49,Western Europe,Occasional Guests
2015-07-11,35-49,Western Europe,Occasional Guests
2015-07-11,35-49,Western Europe,Occasional Guests
2015-07-11,35-49,Western Europe,Occasional Guests
2015-07-12,35-49,Western Europe,Occasional Guests
2015-07-12,35-49,Western Europe,Occasional Guests
2015-07-12,35-49,Western Europe,Occasional Guests
2015-07-12,35-49,Western Europe,Occasional Guests
2015-07-12,35-49,Western Europe,Occasional Guests
2015-07-12,35-49,Western Europe,Occasional Guests
2015-07-12,35-49,Western Europe,Occasional Guests
2015-07-13,35-49,Western Europe,Occasional Guests
2015-07-14,35-49,Western Europe,Occasional Guests
2015-07-14,35-49,Western Europe,Occasional Guests
2015-07-14,35-49,Western Europe,Occasional Guests
2015-07-15,35-49,Western Europe,Occasional Guests
2015-07-15,35-49,Western Europe,Occasional Guests
2015-07-15,35-49,Western Europe,Occasional Guests
2015-07-15,35-49,Western Europe,Occasional Guests
2015-07-16,35-49,Western Europe,Occasional Guests
2015-07-16,35-49,Western Europe,Occasional Guests
2015-07-16,35-49,Western Europe,Occasional Guests
2015-07-16,35-49,Western Europe,Occasional Guests
2015-07-16,35-49,Western Europe,Occasional Guests
2015-07-16,35-49,Western Europe,Occasional Guests
2015-07-16,35-49,Western Europe,Occasional Guests
2015-07-16,35-49,Western Europe,Occasional Guests
2015-07-17,35-49,Western Europe,Occasional Guests
2015-07-17,35-49,Western Europe,Occasional Guests
2015-07-17,35-49,Western Europe,Occasional Guests
2015-07-17,35-49,Western Europe,Occasional Guests
2015-07-17,35-49,Western Europe,Occasional Guests
2015-07-18,35-49,Western Europe,Occasional Guests
2015-07-18,35-49,Western Europe,Occasional Guests
2015-07-18,35-49,Western Europe,Occasional Guests
2015-07-18,35-49,Western Europe,Occasional Guests
2015-07-18,35-49,Western Europe,Occasional Guests
2015-07-18,35-49,Western Europe,Occasional Guests
2015-07-19,35-49,Western Europe,Occasional Guests
2015-07-19,35-49,Western Europe,Occasional Guests
2015-07-19,35-49,Western Europe,Occasional Guests
2015-07-20,35-49,Western Europe,Occasional Guests
2015-07-20,35-49,Western Europe,Occasional Guests
2015-07-20,35-49,Western Europe,Occasional Guests
2015-07-20,35-49,Western Europe,Occasional Guests
2015-07-20,35-49,Western Europe,Occasional Guests
2015-07-21,35-49,Western Europe,Occasional Guests
2015-07-21,35-49,Western Europe,Occasional Guests
2015-07-21,35-49,Western Europe,Occasional Guests
2015-07-21,35-49,Western Europe,Occasional Guests
2015-07-22,35-49,Western Europe,Occasional Guests
2015-07-23,35-49,Western Europe,Occasional Guests
2015-07-23,35-49,Western Europe,Occasional Guests
2015-07-23,35-49,Western Europe,Occasional Guests
2015-07-23,35-49,Western Europe,Occasional Guests
2015-07-23,35-49,Western Europe,Occasional Guests
2015-07-24,35-49,Western Europe,Occasional Guests
2015-07-24,35-49,Western Europe,Occasional Guests
2015-07-24,35-49,Western Europe,Occasional Guests
2015-07-24,35-49,Western Europe,Occasional Guests
2015-07-24,35-49,Western Europe,Occasional Guests
2015-07-25,35-49,Western Europe,Occasional Guests
2015-07-25,35-49,Western Europe,Occasional Guests
2015-07-25,35-49,Western Europe,Occasional Guests
2015-07-25,35-49,Western Europe,Occasional Guests
2015-07-25,35-49,Western Europe,Occasional Guests
2015-07-25,35-49,Western Europe,Occasional Guests
2015-07-25,35-49,Western Europe,Occasional Guests
2015-07-26,35-49,Western Europe,Occasional Guests
2015-07-26,35-49,Western Europe,Occasional Guests
2015-07-26,35-49,Western Europe,Occasional Guests
2015-07-27,35-49,Western Europe,Occasional Guests
2015-07-27,35-49,Western Europe,Occasional Guests
2015-07-27,35-49,Western Europe,Occasional Guests
2015-07-27,35-49,Western Europe,Occasional Guests
2015-07-27,35-49,Western Europe,Occasional Guests
2015-07-27,35-49,Western Europe,Occasional Guests
2015-07-28,35-49,Western Europe,Occasional Guests
2015-07-30,35-49,Western Europe,Occasional Guests
2015-07-30,35-49,Western Europe,Occasional Guests
2015-07-31,35-49,Western Europe,Occasional Guests
2015-07-31,35-49,Western Europe,Occasional Guests
2015-08-01,35-49,Western Europe,Occasional Guests
2015-08-01,35-49,Western Europe,Occasional Guests
2015-08-01,35-49,Western Europe,Occasional Guests
2015-08-01,35-49,Western Europe,Occasional Guests
2015-08-02,35-49,Western Europe,Occasional Guests
2015-08-02,35-49,Western Europe,Occasional Guests
2015-08-03,35-49,Western Europe,Occasional Guests
2015-08-04,35-49,Western Europe,Occasional Guests
2015-08-05,35-49,Western Europe,Occasional Guests
2015-08-08,35-49,Western Europe,Occasional Guests
2015-08-08,35-49,Western Europe,Occasional Guests
2015-08-08,35-49,Western Europe,Occasional Guests
2015-08-08,35-49,Western Europe,Occasional Guests
2015-08-08,35-49,Western Europe,Occasional Guests
2015-08-09,35-49,Western Europe,Occasional Guests
2015-08-10,35-49,Western Europe,Occasional Guests
2015-08-12,35-49,Western Europe,Occasional Guests
2015-08-14,35-49,Western Europe,Occasional Guests
2015-08-15,35-49,Western Europe,Occasional Guests
2015-08-16,35-49,Western Europe,Occasional Guests
2015-08-21,35-49,Western Europe,Occasional Guests
2015-04-06,35-49,Western Europe,Rare Guests
2015-04-13,35-49,Western Europe,Rare Guests
2015-05-06,35-49,Western Europe,Rare Guests
2015-05-07,35-49,Western Europe,Rare Guests
2015-05-12,35-49,Western Europe,Rare Guests
2015-05-12,35-49,Western Europe,Rare Guests
2015-05-13,35-49,Western Europe,Rare Guests
2015-05-23,35-49,Western Europe,Rare Guests
2015-05-26,35-49,Western Europe,Rare Guests
2015-05-26,35-49,Western Europe,Rare Guests
2015-05-29,35-49,Western Europe,Rare Guests
2015-05-29,35-49,Western Europe,Rare Guests
2015-06-05,35-49,Western Europe,Rare Guests
2015-06-05,35-49,Western Europe,Rare Guests
2015-06-11,35-49,Western Europe,Rare Guests
2015-06-12,35-49,Western Europe,Rare Guests
2015-06-13,35-49,Western Europe,Rare Guests
2015-06-15,35-49,Western Europe,Rare Guests
2015-06-16,35-49,Western Europe,Rare Guests
2015-06-17,35-49,Western Europe,Rare Guests
2015-06-17,35-49,Western Europe,Rare Guests
2015-06-17,35-49,Western Europe,Rare Guests
2015-06-22,35-49,Western Europe,Rare Guests
2015-06-22,35-49,Western Europe,Rare Guests
2015-06-23,35-49,Western Europe,Rare Guests
2015-06-27,35-49,Western Europe,Rare Guests
2015-06-29,35-49,Western Europe,Rare Guests
2015-06-29,35-49,Western Europe,Rare Guests
2015-06-29,35-49,Western Europe,Rare Guests
2015-06-30,35-49,Western Europe,Rare Guests
2015-07-01,35-49,Western Europe,Rare Guests
2015-07-02,35-49,Western Europe,Rare Guests
2015-07-02,35-49,Western Europe,Rare Guests
2015-07-03,35-49,Western Europe,Rare Guests
2015-07-03,35-49,Western Europe,Rare Guests
2015-07-03,35-49,Western Europe,Rare Guests
2015-07-03,35-49,Western Europe,Rare Guests
2015-07-03,35-49,Western Europe,Rare Guests
2015-07-03,35-49,Western Europe,Rare Guests
2015-07-03,35-49,Western Europe,Rare Guests
2015-07-03,35-49,Western Europe,Rare Guests
2015-07-03,35-49,Western Europe,Rare Guests
2015-07-03,35-49,Western Europe,Rare Guests
2015-07-04,35-49,Western Europe,Rare Guests
2015-07-04,35-49,Western Europe,Rare Guests
2015-07-04,35-49,Western Europe,Rare Guests
2015-07-04,35-49,Western Europe,Rare Guests
2015-07-04,35-49,Western Europe,Rare Guests
2015-07-05,35-49,Western Europe,Rare Guests
2015-07-06,35-49,Western Europe,Rare Guests
2015-07-06,35-49,Western Europe,Rare Guests
2015-07-06,35-49,Western Europe,Rare Guests
2015-07-06,35-49,Western Europe,Rare Guests
2015-07-06,35-49,Western Europe,Rare Guests
2015-07-06,35-49,Western Europe,Rare Guests
2015-07-06,35-49,Western Europe,Rare Guests
2015-07-06,35-49,Western Europe,Rare Guests
2015-07-07,35-49,Western Europe,Rare Guests
2015-07-07,35-49,Western Europe,Rare Guests
2015-07-07,35-49,Western Europe,Rare Guests
2015-07-07,35-49,Western Europe,Rare Guests
2015-07-07,35-49,Western Europe,Rare Guests
2015-07-08,35-49,Western Europe,Rare Guests
2015-07-08,35-49,Western Europe,Rare Guests
2015-07-09,35-49,Western Europe,Rare Guests
2015-07-09,35-49,Western Europe,Rare Guests
2015-07-09,35-49,Western Europe,Rare Guests
2015-07-10,35-49,Western Europe,Rare Guests
2015-07-10,35-49,Western Europe,Rare Guests
2015-07-10,35-49,Western Europe,Rare Guests
2015-07-10,35-49,Western Europe,Rare Guests
2015-07-10,35-49,Western Europe,Rare Guests
2015-07-10,35-49,Western Europe,Rare Guests
2015-07-10,35-49,Western Europe,Rare Guests
2015-07-11,35-49,Western Europe,Rare Guests
2015-07-11,35-49,Western Europe,Rare Guests
2015-07-12,35-49,Western Europe,Rare Guests
2015-07-12,35-49,Western Europe,Rare Guests
2015-07-13,35-49,Western Europe,Rare Guests
2015-07-13,35-49,Western Europe,Rare Guests
2015-07-14,35-49,Western Europe,Rare Guests
2015-07-14,35-49,Western Europe,Rare Guests
2015-07-15,35-49,Western Europe,Rare Guests
2015-07-15,35-49,Western Europe,Rare Guests
2015-07-15,35-49,Western Europe,Rare Guests
2015-07-15,35-49,Western Europe,Rare Guests
2015-07-15,35-49,Western Europe,Rare Guests
2015-07-15,35-49,Western Europe,Rare Guests
2015-07-15,35-49,Western Europe,Rare Guests
2015-07-15,35-49,Western Europe,Rare Guests
2015-07-15,35-49,Western Europe,Rare Guests
2015-07-15,35-49,Western Europe,Rare Guests
2015-07-16,35-49,Western Europe,Rare Guests
2015-07-16,35-49,Western Europe,Rare Guests
2015-07-16,35-49,Western Europe,Rare Guests
2015-07-17,35-49,Western Europe,Rare Guests
2015-07-17,35-49,Western Europe,Rare Guests
2015-07-17,35-49,Western Europe,Rare Guests
2015-07-17,35-49,Western Europe,Rare Guests
2015-07-17,35-49,Western Europe,Rare Guests
2015-07-17,35-49,Western Europe,Rare Guests
2015-07-17,35-49,Western Europe,Rare Guests
2015-07-17,35-49,Western Europe,Rare Guests
2015-07-17,35-49,Western Europe,Rare Guests
2015-07-17,35-49,Western Europe,Rare Guests
2015-07-18,35-49,Western Europe,Rare Guests
2015-07-18,35-49,Western Europe,Rare Guests
2015-07-18,35-49,Western Europe,Rare Guests
2015-07-18,35-49,Western Europe,Rare Guests
2015-07-19,35-49,Western Europe,Rare Guests
2015-07-19,35-49,Western Europe,Rare Guests
2015-07-19,35-49,Western Europe,Rare Guests
2015-07-19,35-49,Western Europe,Rare Guests
2015-07-20,35-49,Western Europe,Rare Guests
2015-07-20,35-49,Western Europe,Rare Guests
2015-07-20,35-49,Western Europe,Rare Guests
2015-07-20,35-49,Western Europe,Rare Guests
2015-07-21,35-49,Western Europe,Rare Guests
2015-07-21,35-49,Western Europe,Rare Guests
2015-07-21,35-49,Western Europe,Rare Guests
2015-07-22,35-49,Western Europe,Rare Guests
2015-07-22,35-49,Western Europe,Rare Guests
2015-07-22,35-49,Western Europe,Rare Guests
2015-07-22,35-49,Western Europe,Rare Guests
2015-07-22,35-49,Western Europe,Rare Guests
2015-07-23,35-49,Western Europe,Rare Guests
2015-07-23,35-49,Western Europe,Rare Guests
2015-07-24,35-49,Western Europe,Rare Guests
2015-07-24,35-49,Western Europe,Rare Guests
2015-07-26,35-49,Western Europe,Rare Guests
2015-07-26,35-49,Western Europe,Rare Guests
2015-07-26,35-49,Western Europe,Rare Guests
2015-07-26,35-49,Western Europe,Rare Guests
2015-07-27,35-49,Western Europe,Rare Guests
2015-07-27,35-49,Western Europe,Rare Guests
2015-07-27,35-49,Western Europe,Rare Guests
2015-07-28,35-49,Western Europe,Rare Guests
2015-07-29,35-49,Western Europe,Rare Guests
2015-07-29,35-49,Western Europe,Rare Guests
2015-07-29,35-49,Western Europe,Rare Guests
2015-07-30,35-49,Western Europe,Rare Guests
2015-07-30,35-49,Western Europe,Rare Guests
2015-07-30,35-49,Western Europe,Rare Guests
2015-07-30,35-49,Western Europe,Rare Guests
2015-07-30,35-49,Western Europe,Rare Guests
2015-07-30,35-49,Western Europe,Rare Guests
2015-07-30,35-49,Western Europe,Rare Guests
2015-07-30,35-49,Western Europe,Rare Guests
2015-07-31,35-49,Western Europe,Rare Guests
2015-07-31,35-49,Western Europe,Rare Guests
2015-07-31,35-49,Western Europe,Rare Guests
2015-07-31,35-49,Western Europe,Rare Guests
2015-07-31,35-49,Western Europe,Rare Guests
2015-07-31,35-49,Western Europe,Rare Guests
2015-07-31,35-49,Western Europe,Rare Guests
2015-08-02,35-49,Western Europe,Rare Guests
2015-08-02,35-49,Western Europe,Rare Guests
2015-08-02,35-49,Western Europe,Rare Guests
2015-08-04,35-49,Western Europe,Rare Guests
2015-08-10,35-49,Western Europe,Rare Guests
2015-08-10,35-49,Western Europe,Rare Guests
2015-08-11,35-49,Western Europe,Rare Guests
2015-08-11,35-49,Western Europe,Rare Guests
2015-08-11,35-49,Western Europe,Rare Guests
2015-08-12,35-49,Western Europe,Rare Guests
2015-08-12,35-49,Western Europe,Rare Guests
2015-07-01,50-64,Western Europe,*
2015-07-06,50-64,Western Europe,*
2015-07-06,50-64,Western Europe,*
2015-07-07,50-64,Western Europe,*
2015-07-14,50-64,Western Europe,*
2015-07-20,50-64,Western Europe,*
2015-07-20,50-64,Western Europe,*
2015-07-23,50-64,Western Europe,*
2015-08-01,50-64,Western Europe,*
2015-08-01,50-64,Western Europe,*
2015-08-07,50-64,Western Europe,*
2015-03-17,50-64,Western Europe,Occasional Guests
2015-03-25,50-64,Western Europe,Occasional Guests
2015-03-28,50-64,Western Europe,Occasional Guests
2015-04-04,50-64,Western Europe,Occasional Guests
2015-04-17,50-64,Western Europe,Occasional Guests
2015-04-22,50-64,Western Europe,Occasional Guests
2015-04-22,50-64,Western Europe,Occasional Guests
2015-04-22,50-64,Western Europe,Occasional Guests
2015-04-24,50-64,Western Europe,Occasional Guests
2015-05-11,50-64,Western Europe,Occasional Guests
2015-05-12,50-64,Western Europe,Occasional Guests
2015-05-12,50-64,Western Europe,Occasional Guests
2015-05-12,50-64,Western Europe,Occasional Guests
2015-05-13,50-64,Western Europe,Occasional Guests
2015-05-13,50-64,Western Europe,Occasional Guests
2015-05-16,50-64,Western Europe,Occasional Guests
2015-05-20,50-64,Western Europe,Occasional Guests
2015-05-27,50-64,Western Europe,Occasional Guests
2015-05-28,50-64,Western Europe,Occasional Guests
2015-05-28,50-64,Western Europe,Occasional Guests
2015-05-29,50-64,Western Europe,Occasional Guests
2015-06-02,50-64,Western Europe,Occasional Guests
2015-06-08,50-64,Western Europe,Occasional Guests
2015-06-08,50-64,Western Europe,Occasional Guests
2015-06-11,50-64,Western Europe,Occasional Guests
2015-06-15,50-64,Western Europe,Occasional Guests
2015-06-17,50-64,Western Europe,Occasional Guests
2015-06-17,50-64,Western Europe,Occasional Guests
2015-06-19,50-64,Western Europe,Occasional Guests
2015-06-19,50-64,Western Europe,Occasional Guests
2015-06-22,50-64,Western Europe,Occasional Guests
2015-06-22,50-64,Western Europe,Occasional Guests
2015-06-24,50-64,Western Europe,Occasional Guests
2015-06-24,50-64,Western Europe,Occasional Guests
2015-06-24,50-64,Western Europe,Occasional Guests
2015-06-25,50-64,Western Europe,Occasional Guests
2015-06-25,50-64,Western Europe,Occasional Guests
2015-06-26,50-64,Western Europe,Occasional Guests
2015-06-26,50-64,Western Europe,Occasional Guests
2015-06-27,50-64,Western Europe,Occasional Guests
2015-06-29,50-64,Western Europe,Occasional Guests
2015-06-29,50-64,Western Europe,Occasional Guests
2015-06-29,50-64,Western Europe,Occasional Guests
2015-06-29,50-64,Western Europe,Occasional Guests
2015-07-02,50-64,Western Europe,Occasional Guests
2015-07-04,50-64,Western Europe,Occasional Guests
2015-07-05,50-64,Western Europe,Occasional Guests
2015-07-05,50-64,Western Europe,Occasional Guests
2015-07-06,50-64,Western Europe,Occasional Guests
2015-07-07,50-64,Western Europe,Occasional Guests
2015-07-07,50-64,Western Europe,Occasional Guests
2015-07-08,50-64,Western Europe,Occasional Guests
2015-07-08,50-64,Western Europe,Occasional Guests
2015-07-09,50-64,Western Europe,Occasional Guests
2015-07-09,50-64,Western Europe,Occasional Guests
2015-07-09,50-64,Western Europe,Occasional Guests
2015-07-11,50-64,Western Europe,Occasional Guests
2015-07-11,50-64,Western Europe,Occasional Guests
2015-07-11,50-64,Western Europe,Occasional Guests
2015-07-11,50-64,Western Europe,Occasional Guests
2015-07-12,50-64,Western Europe,Occasional Guests
2015-07-12,50-64,Western Europe,Occasional Guests
2015-07-12,50-64,Western Europe,Occasional Guests
2015-07-12,50-64,Western Europe,Occasional Guests
2015-07-12,50-64,Western Europe,Occasional Guests
2015-07-13,50-64,Western Europe,Occasional Guests
2015-07-14,50-64,Western Europe,Occasional Guests
2015-07-14,50-64,Western Europe,Occasional Guests
2015-07-14,50-64,Western Europe,Occasional Guests
2015-07-14,50-64,Western Europe,Occasional Guests
2015-07-15,50-64,Western Europe,Occasional Guests
2015-07-15,50-64,Western Europe,Occasional Guests
2015-07-16,50-64,Western Europe,Occasional Guests
2015-07-16,50-64,Western Europe,Occasional Guests
2015-07-16,50-64,Western Europe,Occasional Guests
2015-07-17,50-64,Western Europe,Occasional Guests
2015-07-17,50-64,Western Europe,Occasional Guests
2015-07-17,50-64,Western Europe,Occasional Guests
2015-07-17,50-64,Western Europe,Occasional Guests
2015-07-17,50-64,Western Europe,Occasional Guests
2015-07-18,50-64,Western Europe,Occasional Guests
2015-07-18,50-64,Western Europe,Occasional Guests
2015-07-18,50-64,Western Europe,Occasional Guests
2015-07-19,50-64,Western Europe,Occasional Guests
2015-07-19,50-64,Western Europe,Occasional Guests
2015-07-19,50-64,Western Europe,Occasional Guests
2015-07-19,50-64,Western Europe,Occasional Guests
2015-07-19,50-64,Western Europe,Occasional Guests
2015-07-19,50-64,Western Europe,Occasional Guests
2015-07-19,50-64,Western Europe,Occasional Guests
2015-07-19,50-64,Western Europe,Occasional Guests
2015-07-19,50-64,Western Europe,Occasional Guests
2015-07-21,50-64,Western Europe,Occasional Guests
2015-07-21,50-64,Western Europe,Occasional Guests
2015-07-21,50-64,Western Europe,Occasional Guests
2015-07-21,50-64,Western Europe,Occasional Guests
2015-07-22,50-64,Western Europe,Occasional Guests
2015-07-22,50-64,Western Europe,Occasional Guests
2015-07-24,50-64,Western Europe,Occasional Guests
2015-07-24,50-64,Western Europe,Occasional Guests
2015-07-25,50-64,Western Europe,Occasional Guests
2015-07-25,50-64,Western Europe,Occasional Guests
2015-07-25,50-64,Western Europe,Occasional Guests
2015-07-25,50-64,Western Europe,Occasional Guests
2015-07-25,50-64,Western Europe,Occasional Guests
2015-07-25,50-64,Western Europe,Occasional Guests
2015-07-25,50-64,Western Europe,Occasional Guests
2015-07-26,50-64,Western Europe,Occasional Guests
2015-07-26,50-64,Western Europe,Occasional Guests
2015-07-26,50-64,Western Europe,Occasional Guests
2015-07-27,50-64,Western Europe,Occasional Guests
2015-07-27,50-64,Western Europe,Occasional Guests
2015-07-27,50-64,Western Europe,Occasional Guests
2015-07-28,50-64,Western Europe,Occasional Guests
2015-07-29,50-64,Western Europe,Occasional Guests
2015-07-29,50-64,Western Europe,Occasional Guests
2015-07-29,50-64,Western Europe,Occasional Guests
2015-07-30,50-64,Western Europe,Occasional Guests
2015-07-31,50-64,Western Europe,Occasional Guests
2015-08-01,50-64,Western Europe,Occasional Guests
2015-08-01,50-64,Western Europe,Occasional Guests
2015-08-01,50-64,Western Europe,Occasional Guests
2015-08-01,50-64,Western Europe,Occasional Guests
2015-08-02,50-64,Western Europe,Occasional Guests
2015-08-02,50-64,Western Europe,Occasional Guests
2015-08-02,50-64,Western Europe,Occasional Guests
2015-08-03,50-64,Western Europe,Occasional Guests
2015-08-08,50-64,Western Europe,Occasional Guests
2015-08-08,50-64,Western Europe,Occasional Guests
2015-08-08,50-64,Western Europe,Occasional Guests
2015-08-08,50-64,Western Europe,Occasional Guests
2015-08-08,50-64,Western Europe,Occasional Guests
2015-08-09,50-64,Western Europe,Occasional Guests
2015-08-09,50-64,Western Europe,Occasional Guests
2015-08-09,50-64,Western Europe,Occasional Guests
2015-08-09,50-64,Western Europe,Occasional Guests
2015-08-10,50-64,Western Europe,Occasional Guests
2015-08-11,50-64,Western Europe,Occasional Guests
2015-08-11,50-64,Western Europe,Occasional Guests
2015-08-15,50-64,Western Europe,Occasional Guests
2015-05-19,50-64,Western Europe,Rare Guests
2015-05-23,50-64,Western Europe,Rare Guests
2015-06-02,50-64,Western Europe,Rare Guests
2015-06-03,50-64,Western Europe,Rare Guests
2015-06-04,50-64,Western Europe,Rare Guests
2015-06-08,50-64,Western Europe,Rare Guests
2015-06-16,50-64,Western Europe,Rare Guests
2015-06-18,50-64,Western Europe,Rare Guests
2015-06-19,50-64,Western Europe,Rare Guests
2015-06-19,50-64,Western Europe,Rare Guests
2015-06-19,50-64,Western Europe,Rare Guests
2015-06-29,50-64,Western Europe,Rare Guests
2015-06-29,50-64,Western Europe,Rare Guests
2015-06-29,50-64,Western Europe,Rare Guests
2015-06-30,50-64,Western Europe,Rare Guests
2015-06-30,50-64,Western Europe,Rare Guests
2015-07-02,50-64,Western Europe,Rare Guests
2015-07-03,50-64,Western Europe,Rare Guests
2015-07-04,50-64,Western Europe,Rare Guests
2015-07-04,50-64,Western Europe,Rare Guests
2015-07-04,50-64,Western Europe,Rare Guests
2015-07-04,50-64,Western Europe,Rare Guests
2015-07-05,50-64,Western Europe,Rare Guests
2015-07-05,50-64,Western Europe,Rare Guests
2015-07-05,50-64,Western Europe,Rare Guests
2015-07-06,50-64,Western Europe,Rare Guests
2015-07-06,50-64,Western Europe,Rare Guests
2015-07-06,50-64,Western Europe,Rare Guests
2015-07-07,50-64,Western Europe,Rare Guests
2015-07-07,50-64,Western Europe,Rare Guests
2015-07-08,50-64,Western Europe,Rare Guests
2015-07-08,50-64,Western Europe,Rare Guests
2015-07-08,50-64,Western Europe,Rare Guests
2015-07-09,50-64,Western Europe,Rare Guests
2015-07-10,50-64,Western Europe,Rare Guests
2015-07-10,50-64,Western Europe,Rare Guests
2015-07-11,50-64,Western Europe,Rare Guests
2015-07-12,50-64,Western Europe,Rare Guests
2015-07-12,50-64,Western Europe,Rare Guests
2015-07-12,50-64,Western Europe,Rare Guests
2015-07-12,50-64,Western Europe,Rare Guests
2015-07-12,50-64,Western Europe,Rare Guests
2015-07-13,50-64,Western Europe,Rare Guests
2015-07-13,50-64,Western Europe,Rare Guests
2015-07-14,50-64,Western Europe,Rare Guests
2015-07-14,50-64,Western Europe,Rare Guests
2015-07-14,50-64,Western Europe,Rare Guests
2015-07-14,50-64,Western Europe,Rare Guests
2015-07-15,50-64,Western Europe,Rare Guests
2015-07-15,50-64,Western Europe,Rare Guests
2015-07-16,50-64,Western Europe,Rare Guests
2015-07-16,50-64,Western Europe,Rare Guests
2015-07-16,50-64,Western Europe,Rare Guests
2015-07-16,50-64,Western Europe,Rare Guests
2015-07-16,50-64,Western Europe,Rare Guests
2015-07-17,50-64,Western Europe,Rare Guests
2015-07-17,50-64,Western Europe,Rare Guests
2015-07-17,50-64,Western Europe,Rare Guests
2015-07-17,50-64,Western Europe,Rare Guests
2015-07-17,50-64,Western Europe,Rare Guests
2015-07-17,50-64,Western Europe,Rare Guests
2015-07-17,50-64,Western Europe,Rare Guests
2015-07-17,50-64,Western Europe,Rare Guests
2015-07-17,50-64,Western Europe,Rare Guests
2015-07-18,50-64,Western Europe,Rare Guests
2015-07-19,50-64,Western Europe,Rare Guests
2015-07-19,50-64,Western Europe,Rare Guests
2015-07-19,50-64,Western Europe,Rare Guests
2015-07-19,50-64,Western Europe,Rare Guests
2015-07-19,50-64,Western Europe,Rare Guests
2015-07-20,50-64,Western Europe,Rare Guests
2015-07-20,50-64,Western Europe,Rare Guests
2015-07-20,50-64,Western Europe,Rare Guests
2015-07-20,50-64,Western Europe,Rare Guests
2015-07-21,50-64,Western Europe,Rare Guests
2015-07-22,50-64,Western Europe,Rare Guests
2015-07-22,50-64,Western Europe,Rare Guests
2015-07-22,50-64,Western Europe,Rare Guests
2015-07-23,50-64,Western Europe,Rare Guests
2015-07-24,50-64,Western Europe,Rare Guests
2015-07-24,50-64,Western Europe,Rare Guests
2015-07-26,50-64,Western Europe,Rare Guests
2015-07-26,50-64,Western Europe,Rare Guests
2015-07-26,50-64,Western Europe,Rare Guests
2015-07-26,50-64,Western Europe,Rare Guests
2015-07-27,50-64,Western Europe,Rare Guests
2015-07-27,50-64,Western Europe,Rare Guests
2015-07-28,50-64,Western Europe,Rare Guests
2015-07-29,50-64,Western Europe,Rare Guests
2015-07-29,50-64,Western Europe,Rare Guests
2015-07-29,50-64,Western Europe,Rare Guests
2015-07-29,50-64,Western Europe,Rare Guests
2015-07-30,50-64,Western Europe,Rare Guests
2015-07-30,50-64,Western Europe,Rare Guests
2015-07-31,50-64,Western Europe,Rare Guests
2015-07-31,50-64,Western Europe,Rare Guests
2015-07-31,50-64,Western Europe,Rare Guests
2015-07-31,50-64,Western Europe,Rare Guests
2015-08-04,50-64,Western Europe,Rare Guests
2015-08-04,50-64,Western Europe,Rare Guests
2015-08-09,50-64,Western Europe,Rare Guests
2015-08-10,50-64,Western Europe,Rare Guests
2015-08-10,50-64,Western Europe,Rare Guests
2015-08-11,50-64,Western Europe,Rare Guests
2015-04-23,<18,Western Europe,Occasional Guests
2015-05-14,<18,Western Europe,Occasional Guests
2015-06-09,<18,Western Europe,Occasional Guests
2015-06-17,<18,Western Europe,Occasional Guests
2015-07-03,<18,Western Europe,Occasional Guests
2015-07-08,<18,Western Europe,Occasional Guests
2015-07-09,<18,Western Europe,Occasional Guests
2015-07-09,<18,Western Europe,Occasional Guests
2015-07-10,<18,Western Europe,Occasional Guests
2015-07-11,<18,Western Europe,Occasional Guests
2015-07-12,<18,Western Europe,Occasional Guests
2015-07-13,<18,Western Europe,Occasional Guests
2015-07-17,<18,Western Europe,Occasional Guests
2015-07-20,<18,Western Europe,Occasional Guests
2015-07-26,<18,Western Europe,Occasional Guests
2015-07-26,<18,Western Europe,Occasional Guests
2015-08-01,<18,Western Europe,Occasional Guests
2015-08-02,<18,Western Europe,Occasional Guests
2015-08-08,<18,Western Europe,Occasional Guests
2015-03-05,>=65,Western Europe,Occasional Guests
2015-04-15,>=65,Western Europe,Occasional Guests
2015-05-22,>=65,Western Europe,Occasional Guests
2015-06-01,>=65,Western Europe,Occasional Guests
2015-07-02,>=65,Western Europe,Occasional Guests
2015-07-05,>=65,Western Europe,Occasional Guests
2015-07-07,>=65,Western Europe,Occasional Guests
2015-07-08,>=65,Western Europe,Occasional Guests
2015-07-13,>=65,Western Europe,Occasional Guests
2015-07-14,>=65,Western Europe,Occasional Guests
2015-07-17,>=65,Western Europe,Occasional Guests
2015-07-17,>=65,Western Europe,Occasional Guests
2015-07-17,>=65,Western Europe,Occasional Guests
2015-07-17,>=65,Western Europe,Occasional Guests
2015-07-19,>=65,Western Europe,Occasional Guests
2015-07-20,>=65,Western Europe,Occasional Guests
2015-07-20,>=65,Western Europe,Occasional Guests
2015-07-20,>=65,Western Europe,Occasional Guests
2015-07-21,>=65,Western Europe,Occasional Guests
2015-07-23,>=65,Western Europe,Occasional Guests
2015-07-24,>=65,Western Europe,Occasional Guests
2015-07-24,>=65,Western Europe,Occasional Guests
2015-07-24,>=65,Western Europe,Occasional Guests
2015-07-25,>=65,Western Europe,Occasional Guests
2015-07-25,>=65,Western Europe,Occasional Guests
2015-07-26,>=65,Western Europe,Occasional Guests
2015-08-02,>=65,Western Europe,Occasional Guests
2015-08-03,>=65,Western Europe,Occasional Guests
2015-08-10,>=65,Western Europe,Occasional Guests
2015-08-14,>=65,Western Europe,Occasional Guests
2015-06-11,>=65,Western Europe,Rare Guests
2015-06-12,>=65,Western Europe,Rare Guests
2015-06-15,>=65,Western Europe,Rare Guests
2015-06-15,>=65,Western Europe,Rare Guests
2015-06-24,>=65,Western Europe,Rare Guests
2015-07-02,>=65,Western Europe,Rare Guests
2015-07-03,>=65,Western Europe,Rare Guests
2015-07-03,>=65,Western Europe,Rare Guests
2015-07-03,>=65,Western Europe,Rare Guests
2015-07-05,>=65,Western Europe,Rare Guests
2015-07-05,>=65,Western Europe,Rare Guests
2015-07-05,>=65,Western Europe,Rare Guests
2015-07-06,>=65,Western Europe,Rare Guests
2015-07-07,>=65,Western Europe,Rare Guests
2015-07-10,>=65,Western Europe,Rare Guests
2015-07-12,>=65,Western Europe,Rare Guests
2015-07-14,>=65,Western Europe,Rare Guests
2015-07-14,>=65,Western Europe,Rare Guests
2015-07-15,>=65,Western Europe,Rare Guests
2015-07-16,>=65,Western Europe,Rare Guests
2015-07-16,>=65,Western Europe,Rare Guests
2015-07-17,>=65,Western Europe,Rare Guests
2015-07-17,>=65,Western Europe,Rare Guests
2015-07-19,>=65,Western Europe,Rare Guests
2015-07-19,>=65,Western Europe,Rare Guests
2015-07-20,>=65,Western Europe,Rare Guests
2015-07-21,>=65,Western Europe,Rare Guests
2015-07-23,>=65,Western Europe,Rare Guests
2015-07-26,>=65,Western Europe,Rare Guests
2015-07-26,>=65,Western Europe,Rare Guests
2015-07-29,>=65,Western Europe,Rare Guests
2015-07-30,>=65,Western Europe,Rare Guests
2015-08-01,>=65,Western Europe,Rare Guests
2015-08-02,>=65,Western Europe,Rare Guests
2015-08-03,>=65,Western Europe,Rare Guests
2015-08-05,>=65,Western Europe,Rare Guests
2015-08-05,>=65,Western Europe,Rare Guests
2015-08-06,>=65,Western Europe,Rare Guests
2015-08-09,>=65,Western Europe,Rare Guests
2015-08-09,>=65,Western Europe,Rare Guests
2015-08-11,>=65,Western Europe,Rare Guests
